NAME,ISIN,2013,2014,2015,2016,2017,2018,2019,2020,2021,2022,2023
RAIFFEISEN BANK INTL.,AT0000606306,305.0,305.0,208.0,6027.0,6508.0,5944.0,7073.0,6221.0,4827.0,6060.0,6060.0
ERSTE GROUP BANK,AT0000652011,32749.0,32749.0,49122.0,22630.0,27854.0,27332.0,29950.0,24929.0,21530.0,20707.0,18701.0
TELEKOM AUSTRIA,AT0000720008,27476.0,27476.0,27446.0,27419.0,27867.0,27003.0,22758.0,21411.0,21316.0,21316.0,24048.0
ANDRITZ,AT0000730007,105229.0,105229.0,76563.0,64155.0,63396.0,71677.0,22452.0,25968.0,25968.0,24090.0,53194.0
OMV,AT0000743059,12907485.0,12800000.0,11900000.0,11000000.0,11100000.0,11100000.0,10600000.0,10700000.0,13900000.0,11700000.0,10000000.0
WIENERBERGER,AT0000831706,323971.0,955453.0,979996.0,1074000.0,1365000.0,1408000.0,1408000.0,1155000.0,2484000.0,2767700.0,1909400.0
VIENNA INSURANCE GROUP A,AT0000908504,4010.0,4010.0,3338.0,3520.0,4833.0,5102.0,3129.0,13512.0,13512.0,14210.0,15149.0
VOESTALPINE,AT0000937503,8897315.0,7664383.0,8027734.0,8042542.0,8062326.0,12681486.0,13614420.0,13614420.0,14453739.0,12710000.0,12530000.0
JAMES HARDIE INDUSTRIES CDI,AU000000JHX1,7149570.0,7149570.0,6511407.0,625847.0,226739.0,238928.0,330836.0,313736.0,370185.0,365779.0,365779.0
SOLVAY,BE0003470755,9914980.0,11400000.0,11400000.0,10166866.0,10200000.0,10350000.0,10590000.0,8890000.0,9590000.0,9270000.0,6620000.0
KBC GROUP,BE0003565737,25166.0,25166.0,33685.0,35901.0,41730.0,37629.0,34739.0,25199.0,19511.0,21596.0,29047.0
COFINIMMO,BE0003593044,133.0,133.0,105.0,109.0,87.0,70.0,7181.0,5780.0,6021.0,6021.0,4265.0
SOFINA,BE0003717312,,,14652.0,122.0,105.0,214.0,378.0,535.0,69495.0,190.0,216.0
ORANGE BELGIUM,BE0003735496,7972.0,5590.0,5590.0,4994.0,4874.0,5516.0,2601.0,2743.0,3505.0,3505.0,
UCB,BE0003739530,40420.0,34733.0,37573.0,37583.0,26871.0,27508.0,26121.0,30647.0,27777.0,27777.0,20547.0
AGFA-GEVAERT,BE0003755692,58572.0,58572.0,24583.0,29409.0,26203.0,26576.0,26576.0,26576.0,78813.0,83000.0,83000.0
GBL NEW,BE0003797140,732321.0,732321.0,236664.0,131441.0,136092.0,63475.0,35007.0,38075.0,100.0,100.0,166.0
PROXIMUS,BE0003810273,52968.0,43100.0,46018.0,42547.0,45448.0,38000.0,36000.0,26600.0,26600.0,26600.0,27400.0
ELIA GROUP,BE0003822393,3158699.0,60302.0,2122151.0,176362.0,18087.0,18087.0,36755.7250876276,19797.0,15807.0,17009.0,15781.34
COLRUYT GROUP,BE0974256852,35084.0,35084.0,27137.0,35991.0,34076.0,152509.0,139899.0,147473.0,170907.0,83194.0,83194.0
BEKAERT (D),BE0974258874,5279799.0,5279799.0,3457839.0,59736.0,49859.0,50484.0,305903.0,305903.0,316854.0,316951.0,316951.0
AGEAS (EX-FORTIS),BE0974264930,5453.0,5453.0,4908.0,3837.0,5511.0,5665.0,5540.0,5540.0,10317.0,10317.0,11229.0
ANHEUSER-BUSCH INBEV,BE0974293251,,,3373822.0,2995200.0,3708000.0,3708000.0,3591200.0,2590500.0,2985570.0,2363169.0,2603520.0
STOLT-NIELSEN,BMG850801025,2126369.0,2126369.0,1630396.0,840102.0,959604.0,1297649.0,1253282.0,1798538.0,1626515.0,1578587.0,1644764.0
OC OERLIKON CORPORATION,CH0000816824,43170.0,43170.0,1549.0,1549.0,1331.0,1695.0,1536.0,1554.0,13747.0,19000.0,19000.0
SWISS PRIME SITE,CH0008038389,14861.0,14861.0,18000.0,13400.0,15352.0,15352.0,16234.0,13029.0,13029.0,9303.0,9461.0
SWISSCOM 'R',CH0008742519,25486.0,21400.0,21400.0,20618.0,20057.0,16171.0,16295.0,14420.0,14429.0,12305.0,12305.0
CHOCOLADEFABRIKEN LINDT & SPRUENGLI,CH0010570759,136489.0,151036.0,149440.0,44505.0,44505.0,44587.0,43606.0,46288.0,46288.0,60484.0,58406.0
GIVAUDAN 'N',CH0010645932,103703.0,103703.0,98001.0,99740.0,107220.0,108706.0,105959.0,98180.0,139608.0,154590.0,154590.0
ZURICH INSURANCE GROUP,CH0011075394,31948.0,31948.0,35666.0,30284.0,27167.0,23293.0,20995.0,16437.0,18668.0,18668.0,19036.0
BASILEA PHARMACEUTICA 'R',CH0011432447,362.0,362.0,318.0,750.0,804.0,1310.0,1992.0,1745.0,1940.0,2996.0,3243.0
NOVARTIS 'R',CH0012005267,643547.0,628000.0,530800.0,531300.0,531410.0,546790.0,484600.0,396400.0,336600.0,347200.0,248700.0
ROCHE HOLDING,CH0012032048,403136.0,356348.0,379547.0,326001.0,295319.0,289636.0,288157.0,251943.0,254060.0,249961.0,249961.0
CREDIT SUISSE GROUP DEAD - DELIST.14/06/23,CH0012138530,22490.0,22490.0,16630.0,21420.0,16520.0,17200.0,15600.0,15650.0,15650.0,,
ADECCO GROUP,CH0012138605,39551.0,35893.0,35893.0,49843.0,51647.0,64164.0,55715.0,32407.0,32407.0,30599.0,37299.89
CLARIANT,CH0012142631,398001.0,398001.0,423070.0,402283.0,481913.0,430000.0,380000.0,390000.0,400000.0,320000.0,320000.0
HOLCIM,CH0012214059,100091846.0,100091846.0,165000000.0,164465688.0,141000000.0,135000000.0,121000000.0,110000000.0,119000000.0,78000000.0,75000000.0
ABB LTD N,CH0012221716,809000.0,891000.0,761000.0,761000.0,394000.0,361000.0,396000.0,225547.0,190070.0,156000.0,128000.0
THE SWATCH GROUP,CH0012255151,17464.0,17464.0,15457.0,15804.0,16303.0,16969.0,12450.0,15890.0,20422.0,18153.0,18153.0
BALOISE HOLDING,CH0012410517,4044.0,,3519.0,3987.0,4595.0,4536.0,4341.0,4341.0,3763.0,3659.0,4078.3
SONOVA N,CH0012549785,2254.0,1817.0,1559.0,1597.0,16494.0,14633.0,14145.0,12428.0,12428.0,10291.0,11729.0
LONZA GROUP,CH0013841017,436785.0,401000.0,401000.0,409800.0,425000.0,574000.0,1214000.0,1077000.0,1077000.0,321000.0,321000.0
VALIANT 'R',CH0014786500,294.0,294.0,1280.0,1092.0,1522.0,1522.0,1357.0,1161.0,1161.0,1039.0,1039.0
SWISS LIFE HOLDING,CH0014852781,6858.0,,8120.0,8854.0,8854.0,9341.0,6596.0,6596.0,8585.0,7406.0,7406.0
PSP SWISS PROPERTY AG,CH0018294154,14061.0,14061.0,10806.0,10806.0,9699.0,8704.0,8019.0,7193.0,7306.0,7306.0,6697.0
EFG INTERNATIONAL N,CH0022268228,610.0,610.0,410.0,232.0,320.0,558.0,603.0,673.0,636.0,698.0,698.0
PARTNERS GROUP HOLDING,CH0024608827,157.0,157.0,139.0,152.0,241.0,321.0,400.0,513.0,1179.0,962.0,962.0
SCHINDLER 'R',CH0024638212,98938.0,87071.0,134000.0,138000.0,133000.0,139000.0,146474.0,129680.0,129680.0,135905.0,142163.0
KUEHNE UND NAGEL INTERNATIONAL,CH0025238863,64355.0,64355.0,66087.0,70800.0,72742.0,71645.0,81693.0,108500.0,110000.0,181000.0,176000.0
LOGITECH 'R',CH0025751329,127.0,137.0,455.0,455.0,332.0,768.0,895.0,895.0,801.0,565.0,421.0
GEBERIT 'R',CH0030170408,,15380.0,137259.0,137259.0,135336.0,119447.0,115024.0,107403.0,114392.0,103782.0,103782.0
SULZER 'R',CH0038388911,24700.0,24700.0,20555.0,20555.0,16845.0,21219.0,21245.0,21545.0,20000.0,20000.0,17055.0
NESTLE 'N',CH0038863350,3985115.0,3985115.0,3700000.0,3600000.0,3500000.0,3300000.0,3300000.0,3300000.0,3370000.0,3240000.0,3160000.0
CHUBB,CH0044328745,13747.0,16471.0,16347.0,26146.0,27211.0,26048.0,26332.0,16313.0,19933.0,19933.0,22405.0
TRANSOCEAN,CH0048265513,1712927.0,1712927.0,1716100.0,1358834.0,778362.0,1391580.0,1391580.0,1143165.0,1076410.0,889663.0,932746.0
JULIUS BAER GRUPPE,CH0102484968,,134.0,1358.0,1638.0,1578.0,1784.0,1668.0,1957.0,2663.0,2496.0,2496.0
GARMIN,CH0114405324,13859.0,11822.0,12091.0,24326.0,27426.0,32503.6424,34646.0,39401.0,39401.0,43778.0,44375.82
SWISS RE,CH0126881561,,5140.0,5502.0,4500.0,4600.0,4200.0,5278.0,2962.0,2962.0,2902.0,2902.0
COCA-COLA HBC,CH0198251305,,344632.0,317694.0,291098.0,263238.0,268720.0,248872.0,233500.0,254835.0,254835.0,222053.0
RICHEMONT N,CH0210483332,18291.0,20000.0,13600.0,15400.0,15450.0,19500.0,15884.0,11300.0,11300.0,14792.0,14792.0
UBS GROUP,CH0244767585,,24122.0,13340.0,13340.0,13305.0,11522.0,10574.0,9972.0,10726.0,8570.0,8570.0
FLUGHAFEN ZURICH,CH0319416936,,,24773.0,24773.0,25324.0,27200.0,26218.0,26284.0,32632.0,32632.0,30264.0
UNITED INTERNET,DE0005089031,2762.0,2762.0,2973.0,6082.0,7038.0,4455.0,3750.0,3074.0,2173.0,2173.0,5076.0
DEUTSCHE BANK,DE0005140008,96858.0,96858.0,59131.0,61721.0,53190.0,51083.0,49712.0,41458.0,41458.0,43884.0,18735.0
BMW,DE0005190003,492798.0,492798.0,536168.0,562146.0,625072.0,581703.0,642259.0,642885.0,699713.0,694057.0,713933.0
BEIERSDORF,DE0005200000,61796.0,61796.0,35465.0,37557.0,43180.0,29928.0,80419.0,93057.0,100458.0,90349.0,77480.0
CONTINENTAL,DE0005439004,659248.0,692000.0,727000.0,793895.0,820000.0,900000.0,840000.0,780000.0,820000.0,760000.0,690000.0
LANXESS,DE0005470405,1770000.0,1762000.0,1643000.0,1741000.0,1975000.0,1524000.0,1504000.0,1263000.0,1284000.0,1284000.0,843000.0
DEUTSCHE POST,DE0005552004,5120000.0,5220000.0,5600000.0,5680000.0,5900000.0,6300000.0,6380000.0,6580000.0,6580000.0,8300000.0,8250000.0
DEUTSCHE TELEKOM,DE0005557508,338481.0,338481.0,299780.0,289190.0,289190.0,276727.0,276727.0,235261.0,235261.0,212044.0,199023.0
FRAPORT,DE0005773303,42100.0,38000.0,39700.0,40300.0,40100.0,42900.0,37337.0,37337.0,27100.0,25500.0,32600.0
FRESENIUS,DE0005785604,675196.0,675196.0,149561.0,136794.0,606000.0,519000.0,517000.0,537000.0,578000.0,563000.0,308000.0
FRESENIUS MED.CARE,DE0005785802,361015.0,361015.0,84235.0,71417.0,50762.0,218000.0,227300.0,242200.0,262600.0,258400.0,260800.0
DEUTSCHE BOERSE,DE0005810055,4749.0,1052.0,5467.0,4992.0,2878.0,4346.0,5831.0,5831.0,4931.0,1063.0,4900.0
BILFINGER BERGER,DE0005909006,58359.0,58359.0,52822.0,52623.0,37629.0,30718.0,27486.0,54180.0,35608.0,35608.0,35643.0
HEIDELBERG MATERIALS,DE0006047004,53336281.0,53336281.0,55064408.0,54246676.0,74400000.0,76700000.0,73080000.0,68400000.0,69490000.0,65910000.0,63280000.0
HENKEL PREFERENCE,DE0006048432,307500.0,307500.0,349000.0,350000.0,365000.0,353000.0,351000.0,336000.0,343000.0,284000.0,221000.0
HOCHTIEF,DE0006070006,3438253.0,3438253.0,2977060.0,2007542.0,2251970.0,2891322.0,2811519.0,2504417.0,2504417.0,279575.0,273825.0
SALZGITTER,DE0006202005,6226718.0,6226718.0,5587485.0,5270835.0,8470000.0,8710000.0,8402000.0,8402000.0,8196000.0,8002000.0,8002000.0
INFINEON TECHNOLOGIES,DE0006231004,50917.0,193884.0,237868.0,295869.0,259078.0,237214.0,264203.0,229890.0,298246.0,312076.0,246126.0
MERCK KGAA,DE0006599905,342778.0,342778.0,327000.0,386000.0,374000.0,354000.0,359000.0,1706000.0,1522213.0,1425000.0,1236000.0
GEA GROUP,DE0006602006,79350.0,79350.0,59272.0,40318.0,33332.0,39983.0,36711.0,30394.0,30394.0,32292.0,30869.0
PUMA,DE0006969603,6689.0,6689.0,,,7678.0,6918.0,6326.0,4179.0,4046.0,6206.0,6403.0
RHEINMETALL,DE0007030009,360090.0,360090.0,397998.0,252289.0,252289.0,311941.0,90076.0,90076.0,144151.0,115583.0,143386.0
RWE,DE0007037129,165700000.0,156600000.0,152300000.0,154000000.0,135600000.0,120400000.0,91700000.0,70400000.0,86900000.0,86900000.0,61900000.0
MERCEDES-BENZ GROUP N,DE0007100000,1052000.0,1030000.0,1060000.0,1056000.0,1192000.0,1247000.0,1239000.0,1027000.0,681000.0,569000.0,538000.0
SAP,DE0007164600,,144000.0,155331.0,160674.0,149540.0,142554.0,152495.0,97370.0,96000.0,108000.0,112800.0
SIEMENS,DE0007236101,998000.0,998000.0,845000.0,855593.0,862000.0,821000.0,768000.0,768000.0,386000.0,393000.0,387000.0
CECONOMY,DE0007257503,1032297.0,1015157.0,871837.0,,,28500.0,17400.0,22600.0,22159.0,23200.0,23200.0
SUEDZUCKER,DE0007297004,496870.0,496870.0,608485.0,530649.0,528269.0,592172.0,506957.0,652948.0,729670.0,2400000.0,2500000.0
HEIDELB.DRUCKMASCHINEN,DE0007314007,44835.0,44835.0,27065.0,27456.0,27479.0,34852.0,23693.0,21217.0,21217.0,25668.0,19386.0
THYSSENKRUPP,DE0007500001,26700000.0,32000000.0,32600000.0,32600000.0,22100000.0,22600000.0,21800000.0,21800000.0,23200000.0,21420000.0,22900000.0
VOLKSWAGEN PREF.,DE0007664039,4288061.0,4288061.0,3960000.0,4230000.0,4200000.0,3910000.0,3770000.0,4340000.0,4740000.0,4460000.0,4030000.0
DEUTSCHE LUFTHANSA,DE0008232125,,,28029100.0,29250821.0,28949145.0,32790778.0,32790778.0,11509756.0,13823320.0,23210476.0,26822114.0
HANNOVER RUECK,DE0008402215,0.0,0.0,0.0,0.0,0.0,0.0,0.0,0.0,24.0,158.0,6.31
ALLIANZ,DE0008404005,72192.0,65887.0,65328.0,55991.0,52527.0,46734.0,42011.0,31475.0,28699.0,30953.0,31774.0
MUENCHENER RUCK.,DE0008430026,71530.0,71530.0,58929.0,47761.0,47880.0,45730.0,44023.0,44105.0,47598.0,43664.0,33093.0
NORDEX,DE000A0D6554,19344.0,19344.0,19061.0,8940.0,8940.0,9672.0,9672.0,14074.0,14074.0,14181.0,27164.0
MTU AERO ENGINES HLDG.,DE000A0D9PT0,56557.0,56557.0,27716.0,36788.0,36788.0,33280.0,38160.0,34800.0,39900.0,37738.0,39600.0
HAMB.HAFEN UD.LOGISTIK,DE000A0S8488,80596.0,80596.0,81961.0,74000.0,74000.0,82300.0,82300.0,83600.0,75700.0,74500.0,65400.0
AIXTRON,DE000A0WMPJ6,1664.0,1664.0,920.0,956.0,975.0,151.0,151.0,250.0,304.0,304.0,197.0
ADIDAS,DE000A1EWWW0,12700.0,13047.0,10494.0,10063.0,11702.0,12379.0,6620.0,6620.0,12908.0,21856.0,21779.0
BASF,DE000BASF111,18842000.0,18450000.0,18375000.0,18036000.0,17689000.0,21346000.0,15855000.0,17526000.0,17721000.0,16556000.0,15562000.0
BAYER,DE000BAY0017,4086000.0,4020000.0,4410000.0,4300000.0,2500000.0,3900000.0,2030000.0,2010000.0,1930000.0,1910000.0,1890000.0
COMMERZBANK,DE000CBK1001,44285.0,41368.0,38183.0,38183.0,40749.0,37453.0,37001.0,28313.0,28313.0,21613.0,17418.0
E ON N,DE000ENAG999,117200000.0,97900000.0,80100000.0,4610000.0,5040000.0,4870000.0,4910000.0,3560000.0,3710000.0,2880000.0,2010000.0
K S N,DE000KSAG888,1570473.0,1570473.0,1622294.0,1447140.0,1800000.0,2400000.0,2400000.0,2400000.0,2000000.0,2000000.0,1900000.0
PROSIEBENSAT 1 MEDIA,DE000PSM7770,,7757.0,4649.0,2933.0,2456.0,1910.0,1910.0,1599.0,1615.0,1615.0,1618.0
CARLSBERG B,DK0010181759,592170.0,592170.0,580567.0,511179.0,531836.0,489639.0,494352.0,415000.0,450000.0,274000.0,261000.0
ROCKWOOL B,DK0010219153,1298664.0,1298664.0,1274966.0,1270000.0,1270000.0,1510000.0,1410000.0,1643229.0,1500000.0,1450000.0,1230000.0
FLSMIDTH AND B,DK0010234467,24008.0,12700.0,13460.0,13460.0,27236.0,27236.0,16321.0,10888.0,11130.0,10211.0,10211.0
A P MOLLER MAERSK B,DK0010244508,33692000.0,32406000.0,33044000.0,35917000.0,35579000.0,38826000.0,36204000.0,33902000.0,36863000.0,34150000.0,34138000.0
GN STORE NORD,DK0010272632,8902.0,8775.0,5742.0,6824.0,7865.0,11875.0,8794.0,8794.0,12921.0,2224.0,2414.0
DANSKE BANK,DK0010274414,3575.0,2713.0,2713.0,1448.0,1472.0,1536.0,790.0,810.0,787.0,468.0,201.0
NKT,DK0010287663,39046.0,39046.0,23849.0,,7983.0,14416.0,7815.0,12053.0,15748.0,13215.0,13215.0
JYSKE BANK,DK0010307958,1600.0,1600.0,1767.0,1023.0,1012.0,1846.0,759.0,738.0,655.0,603.0,603.0
SYDBANK,DK0010311471,820.0,820.0,645.0,459.0,502.0,529.0,821.0,382.0,382.0,373.0,373.0
DSV,DK0060079531,3171000.0,3388000.0,3687000.0,6313000.0,6246000.0,7313000.0,7313000.0,80000.0,135000.0,215000.0,215000.0
NOVOZYMES B,DK0060336014,40204.0,40000.0,39000.0,39000.0,39000.0,38000.0,40000.0,37000.0,43000.0,46000.0,46000.0
COLOPLAST B,DK0060448595,9201.0,9201.0,8069.0,9318.0,11500.0,10700.0,11300.0,11100.0,11100.0,20300.0,21200.0
TOPDANMARK DEAD - DELIST.21/10/24,DK0060477503,1701.0,1482.0,1514.0,1514.0,1741.0,1669.0,1383.0,1352.0,1458.0,1458.0,887.0
TRYG,DK0060636678,,766.0,963.0,2307.0,1208.0,2447.0,1437.0,915.0,777.0,953.0,953.0
DEMANT,DK0060738599,,,2517.0,2521.0,2521.0,2049.0,7727.0,5019.0,8040.0,10851.0,12316.0
ATRESMEDIA CORP,ES0109427734,2463.0,2463.0,3282.0,1552.0,1552.0,1798.0,1789.0,1860.0,2039.0,2039.0,2433.0
EBRO FOODS,ES0112501012,125568.0,125568.0,113001.0,174221.0,174221.0,185175.0,199893.0,199893.0,217051.0,217051.0,171685.0
BBV.ARGENTARIA,ES0113211835,,5115.0,5549.0,12948.0,12124.0,12124.0,17631.0,12466.0,49639.0,41395.0,38005.0
BANKINTER 'R',ES0113679I37,305.0,305.0,366.0,407.0,409.0,1053.0,1081.0,1392.0,1547.0,1547.0,1538.0
BANCO DE SABADELL,ES0113860A34,560.0,560.0,600.0,648.0,763.0,1151.0,3088.0,2410.0,4973.0,4973.0,3243.0
BANCO SANTANDER,ES0113900J37,31642.0,31642.0,29078.0,26995.0,28941.0,31227.0,22691.0,24818.0,25672.0,21967.0,25755.0
NATURGY ENERGY,ES0116870314,21830962.0,19840000.0,22423400.0,19574000.0,20500000.0,18300000.0,15400000.0,15400000.0,12965240.0,14741483.0,12463378.0
CORPORACION FINCA.ALBA,ES0117160111,2142.0,2142.0,412.0,502.0,611.0,836.0,1100.0,1829.0,3009.0,3009.0,1566.0
INDRA SISTEMAS,ES0118594417,6427.0,,6115.0,785.0,1957.0,1957.0,828.0,1764.0,1764.0,1759.0,1681.0
FOMENTO CONSTR.Y CNTR.,ES0122060314,240952.0,9273269.0,9273269.0,9711807.0,6430069.0,8215345.0,7870743.0,6900204.0,6900204.0,6504153.0,6045270.0
MAPFRE,ES0124244E34,9789.0,9935.0,14043.0,13445.0,13271.0,13271.0,11669.0,8400.0,10035.0,9939.0,9939.0
ACCIONA,ES0125220311,757837.0,398000.0,427292.0,570601.0,570601.0,681488.0,131685.0,125586.0,147758.0,159652.0,181819.0
ENDESA,ES0130670112,54676230.0,46638461.0,32737160.0,29089037.0,29089037.0,31698840.0,17470846.0,10298760.0,10702129.0,13698169.0,11787198.0
ENAGAS,ES0130960018,516785.0,428329.0,272728.0,263540.0,266357.0,276176.0,275889.0,275889.0,263517.0,385410.0,385410.0
ACERINOX 'R',ES0132105018,198922.0,198922.0,210646.0,233376.0,237563.0,222638.0,730610.0,816337.0,816337.0,974009.0,872253.0
FAES FARMA,ES0134950F36,3724.0,3724.0,2845.0,3233.0,3030.0,4558.0,3239.0,3189.0,3189.0,3782.0,3782.0
OBRASCON HUARTE LAIN,ES0142090317,257296.0,257296.0,177214.0,197757.0,196792.0,171504.0,113459.0,111864.0,111864.0,95130.0,95130.0
IBERDROLA,ES0144580Y14,31768770.0,30217000.0,31752000.0,25626096.0,26846490.0,24645098.0,26530725.0,26530725.0,13207008.0,11927119.0,10587589.0
INDITEX,ES0148396007,22252.0,22252.0,21347.0,20689.0,18550.0,20994.0,17311.0,12986.0,12986.0,11232.0,11512.0
MEDIASET ESPANA COMUNICACION,ES0152503035,2454.0,2454.0,252.0,813.0,1278.0,521.0,525.0,590.0,789.0,789.0,
MINOR HOTELS EUROPE & AMERICAS,ES0161560018,61053.0,61053.0,71016.0,75574.0,,38470.0,59433.0,33650.0,48858.0,48858.0,44329.0
ACS ACTIV.CONSTR.Y SERV.,ES0167050915,351021.0,5798392.0,3288764.0,2169793.0,2366580.0,2983215.0,3002654.0,2683671.0,323889.0,389195.0,380722.0
PROMOTORA DE INFIC. A PRRDE.INFORMACIONES,ES0171743901,,7955.0,127.0,7853.0,,2430.0,3722.0,619.0,778.0,778.0,6604.0
GRIFOLS ORD CL A,ES0171996087,,80332.0,83906.0,92644.0,103045.0,98043.0,112564.0,111435.0,147669.0,95242.0,106459.0
REDEIA CORPORACION,ES0173093024,,,33662.0,31500.0,28765.0,39272.0,23614.0,23614.0,23632.0,20542.0,28692.0
REPSOL YPF,ES0173516115,14215659.0,13800000.0,21070000.0,24925000.0,22900000.0,21900000.0,24700000.0,22000000.0,19400000.0,15700000.0,14400000.0
TELEFONICA,ES0178430E18,129739.0,129739.0,94893.0,95677.0,291770.0,261364.0,237620.0,212682.0,212682.0,131809.0,122460.0
SACYR,ES0182870214,109793.0,109793.0,84021.0,712752.0,626860.0,772447.0,437435.0,437435.0,119083.0,120101.0,120101.0
ZARDOYA OTIS DEAD - DELIST.09/05/22,ES0184933812,13822.0,13822.0,9948.0,7379.0,8604.0,9901.0,8100.0,9697.0,8661.0,,
KESKO B,FI0009000202,42022.0,,43302.0,43002.0,43002.0,48219.0,47721.0,38538.0,38538.0,47681.0,47385.0
TIETOEVRY,FI0009000277,123.0,134.0,134.0,112.0,117.0,117.0,99.0,143.0,134.0,134.0,232.0
HUHTAMAKI,FI0009000459,202082.0,202082.0,226015.0,221919.0,207000.0,207000.0,219000.0,216000.0,221000.0,221000.0,216000.0
NOKIA,FI0009000681,11800.0,11800.0,7000.0,185600.0,143500.0,134500.0,125000.0,116300.0,124300.0,124000.0,111100.0
UPONOR DEAD - DELIST.30/04/24,FI0009002158,,9700.0,9100.0,8700.0,8700.0,7500.0,8400.0,6700.0,6300.0,7400.0,7400.0
OUTOKUMPU 'A',FI0009002422,1275295.0,1400754.0,1237422.0,1216049.0,1216049.0,1203614.0,1209950.0,1150092.0,1256219.0,1256219.0,1013282.0
WARTSILA,FI0009003727,59631.0,59631.0,63441.0,57355.0,57998.0,59949.0,56568.0,52911.0,54711.0,46629.0,41017.0
NOKIAN RENKAAT,FI0009005318,58415.0,65012.0,63937.0,63937.0,72134.0,72134.0,64942.0,71510.0,77660.0,77660.0,12690.0
KONECRANES,FI0009005870,63168.0,46900.0,42500.0,39200.0,39200.0,66291.0,52700.0,43400.0,43400.0,40100.0,40100.0
STORA ENSO R,FI0009005961,2776000.0,2800000.0,2360000.0,2390000.0,2330000.0,2490000.0,2380000.0,2180000.0,2180000.0,1770000.0,1470000.0
UPM-KYMMENE,FI0009005987,4090000.0,4100000.0,4100000.0,4000000.0,3400000.0,3250000.0,3010000.0,2730000.0,2710000.0,2310000.0,2130000.0
FORTUM,FI0009007132,21000000.0,20500000.0,19300000.0,18800000.0,18300000.0,20100000.0,19100000.0,48800000.0,69100000.0,17000000.0,1641000.0
SANOMA,FI0009007694,,8383.0,10530.0,4739.0,3988.0,3970.0,1105.0,70.0,276.0,3813.0,
ELISA,FI0009007884,486.0,226.0,399.0,429.0,409.0,433.0,650.0,666.0,543.0,695.0,4084.0
NESTE,FI0009013296,3556200.0,3556200.0,3166700.0,2934991.0,2601106.0,2252000.0,2464000.0,2149000.0,1828000.0,2075000.0,2291000.0
KONE B,FI0009013403,100000.0,100000.0,99700.0,104700.0,105700.0,109100.0,109300.0,109700.0,118700.0,117641.0,114200.0
YIT,FI0009800643,19711.0,19711.0,18596.0,11138.0,15086.0,14696.0,161400.0,39776.0,24356.0,24356.0,19683.0
ICADE REIT,FR0000035081,3015.0,3015.0,4239.0,5193.0,7818.0,6659.0,4835.0,3813.0,4173.0,4173.0,489.0
NEXANS,FR0000044448,141262.0,141262.0,247084.0,139353.0,139910.0,125427.0,130017.0,94802.0,94802.0,122841.0,122841.0
CREDIT AGRICOLE,FR0000045072,12159.0,,8483.0,8529.0,18056.0,15325.0,16495.0,14475.0,20601.0,27997.0,26434.0
MAUREL ET PROM,FR0000051070,483567.0,483567.0,323675.0,182203.0,182203.0,232531.0,246288.0,,212301.0,212301.0,222500.0
ATOS,FR0000051732,34513.0,34900.0,31116.0,30048.0,35212.0,30383.0,20981.0,12228.0,12228.0,26955.0,22026.0
HERMES INTL.,FR0000052292,9512.0,9512.0,8789.0,15861.0,10810.0,8961.0,5745.0,18329.0,21257.0,18000.0,12800.0
M6-METROPOLE TV,FR0000053225,3754.0,3754.0,2033.0,2293.0,2139.0,2644.0,565.0,565.0,107.0,107.0,630.0
UBISOFT ENTERTAINMENT CAT A,FR0000054470,25047.0,25047.0,1992.0,1347.0,1740.0,1548.0,8050.0,10945.0,10945.0,2760.0,2981.0
TF1 (TV.FSE.1),FR0000054900,293.0,293.0,169.0,1046.0,1154.0,889.0,517.0,732.0,1461.0,1461.0,837.0
COVIVIO,FR0000064578,2281.0,1829.0,1706.0,1715.0,2142.0,1526.0,2888.0,1762.0,2216.0,1542.0,1771.0
SAFRAN,FR0000073272,174955.0,174955.0,226398.0,226561.0,177736.0,175797.0,219745.0,146655.0,175814.0,177299.0,167774.0
JCDECAUX,FR0000077919,31840.0,31132.0,31132.0,31772.0,33278.0,31175.0,30100.0,21200.0,22600.0,22600.0,23000.0
L AIR LQE.SC.ANYME. POUR L ETUDE ET L EPXTN.,FR0000120073,11272000.0,11846000.0,13552000.0,14062000.0,14476000.0,15390000.0,15641000.0,14955000.0,15536000.0,19141855.0,16107000.0
CARREFOUR,FR0000120172,1775000.0,1775000.0,1686600.0,1132300.0,1190000.0,1025000.0,827800.0,698700.0,614000.0,581593.0,782709.0
CNP ASSURANCES DEAD - DELIST.20/06/22,FR0000120222,2859.0,8643.0,2673.0,2379.0,2103.0,1967.0,2000.0,947.0,1519.0,,
TOTALENERGIES,FR0000120271,46000000.0,44000000.0,41800000.0,39400000.0,36000000.0,40000000.0,41000000.0,36000000.0,33000000.0,37000000.0,32000000.0
L'OREAL,FR0000120321,67331.0,67331.0,63540.0,61040.0,49700.0,57698.0,49982.0,43100.0,43134.0,19700.0,66100.0
ACCOR,FR0000120404,248463.0,248463.0,302000.0,255000.0,249000.0,281000.0,252000.0,201000.0,316000.0,344000.0,704000.0
BOUYGUES,FR0000120503,2170000.0,2206600.0,1900000.0,2225000.0,1901000.0,2033000.0,2021000.0,1876200.0,1980000.0,1700000.0,2200000.0
QUADIENT,FR0000120560,2693.0,5505.0,14058.0,13711.0,13711.0,13865.0,10264.0,7042.0,6251.0,6251.0,6468.0
SANOFI,FR0000120578,660800.0,458848.0,613245.0,446471.0,426598.0,578579.0,460108.0,450132.0,467780.0,386375.0,340994.0
AXA,FR0000120628,53781.0,53781.0,53752.0,31304.0,39209.0,27287.0,27223.0,26292.0,23362.0,23280.0,21598.0
DANONE,FR0000120644,460256.0,460256.0,561641.0,547480.0,644000.0,753000.0,722000.0,668000.0,683000.0,830923.0,789000.0
PERNOD-RICARD,FR0000120693,,269117.0,274610.0,274610.0,254818.0,250542.0,255417.0,255417.0,265819.0,273580.0,232381.0
IMERYS,FR0000120859,1702012.0,1785000.0,1659000.0,1713000.0,2018000.0,2194000.0,1811000.0,1510000.0,1597000.0,1428000.0,1428000.0
BIC,FR0000120966,9549.0,9549.0,8940.0,9275.0,8689.0,9813.0,9278.0,7659.0,8226.0,8375.0,8375.0
LVMH,FR0000121014,51362.0,48565.0,64468.0,62657.0,63970.0,73940.0,67612.0,63909.0,71055.0,67393.0,126532.0
EURAZEO,FR0000121121,629840.0,882554.0,198016.0,72009.0,38.0,184334.0,640298.0,577998.0,577998.0,638564.0,51.0
WENDEL,FR0000121204,1064458.0,1064458.0,297317.0,160980.0,845665.0,98382.0,58446.0,66945.0,197097.0,203699.0,203699.0
SODEXO,FR0000121220,153905.0,153905.0,114498.0,109544.0,84316.0,97637.0,92205.0,92326.0,71000.0,71000.0,82605.0
THALES,FR0000121329,87824.0,87824.0,88940.0,81870.0,85563.0,75000.0,78000.0,86000.0,86000.0,69000.0,61000.0
KERING,FR0000121485,18682.0,17502.0,17716.0,19229.0,21034.0,21034.0,16715.0,14256.0,19281.0,21660.0,14918.0
ESSILORLUXOTTICA,FR0000121667,33947.0,33947.0,16743.0,17470.0,21050.0,43850.0,55936.0,46011.0,46011.0,108453.0,133486.0
KLEPIERRE REIT,FR0000121964,11047.0,14025.0,16189.0,16453.0,19496.0,10947.0,13190.0,11341.0,10076.0,11301.0,7309.0
SCHNEIDER ELECTRIC,FR0000121972,103664.0,84053.0,90054.0,85852.0,84913.0,84389.0,171335.0,142149.0,140936.0,119617.0,112792.0
VEOLIA ENVIRON,FR0000124141,34792429.0,26200000.0,26200000.0,28500000.0,29500000.0,29600000.0,26300000.0,26300000.0,26700000.0,28600000.0,27900000.0
SAINT GOBAIN,FR0000125007,12240000.0,12240000.0,12400000.0,9528115.0,9373878.0,8600000.0,8000000.0,7900000.0,8400000.0,8400000.0,7738985.0
CAPGEMINI,FR0000125338,11636.0,11636.0,8250.0,5973.0,6222.0,6772.0,9402.0,7916.0,9187.0,7762.0,8863.0
VINCI,FR0000125486,2280558.0,,1832038.0,1951489.0,2417665.0,2032414.0,2098569.0,1946038.0,2005622.0,1983499.0,2155261.92
VIVENDI,FR0000127771,73047.0,35833.0,7451.0,8400.0,8400.0,17481.0,14185.0,15263.0,14764.0,15879.0,10291.0
LAGARDERE GROUPE,FR0000130213,24696.0,5080.0,7283.0,10954.0,10954.0,10078.0,13062.0,10932.0,10932.0,,
REMY COINTREAU,FR0000130395,1935.0,1935.0,6127.0,8815.0,7137.0,10252.0,7376.0,7581.0,7581.0,6120.0,7571.0
EIFFAGE,FR0000130452,559718.0,,552807.0,503989.0,503989.0,483283.0,544032.0,594485.0,619514.0,619514.0,444842.0
PUBLICIS GROUPE,FR0000130577,9141.0,9141.0,9453.0,9453.0,12374.0,5586.0,7349.0,7351.0,4299.0,7266.0,6164.0
SOCIETE GENERALE,FR0000130809,31861.0,32483.0,30839.0,31805.0,29174.0,29983.0,26667.0,23195.0,24415.0,28302.0,22807.0
BNP PARIBAS,FR0000131104,67076.0,60450.0,55085.0,62450.0,62450.0,62148.0,61187.0,49041.0,50144.0,45353.0,25437.0
ERAMET,FR0000131757,1412114.0,,2505423.0,3195589.0,3196740.0,2490164.0,2490164.0,3660000.0,3300000.0,3321002.0,3286187.0
RENAULT,FR0000131906,677890.0,677890.0,662478.0,716302.0,681033.0,663344.0,626947.0,498611.0,463637.0,423072.0,412439.0
ORANGE,FR0000133308,418026.0,418026.0,339961.0,339961.0,325376.0,329606.0,295636.0,282526.0,257001.0,335654.0,372232.0
GECINA,FR0010040865,11470.0,7742.0,7673.0,7673.0,7994.0,7994.0,8362.0,7097.0,7097.0,2818.0,934.0
ALSTOM,FR0010220475,314941.0,314941.0,54000.0,50000.0,48000.0,50000.0,52000.0,53898.0,94809.0,107073.0,86000.0
EUTELSAT COMMUNICATIONS,FR0010221234,6719.0,6719.0,350.0,312.0,322.0,320.0,320.0,320.0,58.0,504.0,407.0
EDF DEAD - DELIST.08/06/23,FR0010242511,81815594.0,65389122.0,59300000.0,53700000.0,51300000.0,34900000.0,33100000.0,28000000.0,27690997.0,24000000.0,
LEGRAND,FR0010307819,83310.0,,53528.0,71231.0,70833.0,58781.0,54976.0,57000.0,57000.0,54191.0,49348.0
ARKEMA,FR0010313833,4710000.0,3430000.0,3000000.0,3110000.0,3000000.0,2720000.0,2690000.0,2268000.0,1822000.0,1527000.0,1330000.0
ADP,FR0010340141,99197.0,99197.0,44337.0,53649.0,55087.0,49461.0,83639.0,75434.0,75434.0,82243.0,79424.0
SCOR SE,FR0010411983,1902.0,,619.0,642.0,1358.0,1722.0,1261.0,1261.0,403.0,403.0,755.0
GETLINK,FR0010533075,103714.0,103714.0,99119.0,48941.0,57213.0,54582.0,33378.0,33538.0,39703.0,37704.0,32790.0
VALEO,FR0013176526,,,141800.0,145800.0,145800.0,175300.0,186900.0,170600.0,170600.0,191000.0,191000.0
SPEEDY HIRE,GB0000163088,7728.0,7728.0,17404.0,,20415.0,20030.0,18735.0,16650.0,16650.0,16146.0,12768.77
ANTOFAGASTA,GB0000456144,706463.0,693179.0,578118.0,795994.0,854628.0,1026220.0,1090285.0,1144258.0,987948.0,1113581.0,1113581.0
ASHTEAD GROUP,GB0000536739,36489.0,36489.0,188514.0,214078.0,234053.0,265319.0,296128.0,288438.0,288438.0,302843.0,340782.0
BARRATT REDROW,GB0000811801,16286.0,17315.0,18224.0,20211.0,20772.0,20772.0,24832.0,18374.0,18374.0,23234.0,23580.0
BELLWAY,GB0000904986,566.0,9335.0,10634.0,10634.0,13845.0,19964.0,20560.0,16892.0,17704.0,16696.0,16696.0
BALFOUR BEATTY,GB0000961622,305398.0,295219.0,288664.0,288664.0,222485.0,172270.0,167071.0,162816.0,199002.0,217757.0,217757.0
BOOT (HENRY),GB0001110096,2370.0,2288.0,2048.0,,2060.0,4229.0,2261.0,,2303.0,2303.0,2453.0
BRITISH LAND,GB0001367019,7082.0,7335.0,7928.0,7609.0,6967.0,8956.0,6945.0,6663.0,6663.0,8025.0,8025.0
TULLOW OIL,GB0001500809,776629.0,764700.0,752539.0,754338.0,754338.0,1218010.0,1263258.0,2032027.0,2234000.0,1205580.0,1205580.0
WETHERSPOON (JD),GB0001638955,51229.0,51229.0,52510.0,51342.0,50805.0,47064.0,47064.0,45012.0,24726.0,41324.0,35839.0
BREWIN DOLPHIN DEAD - DELIST.28/09/22,GB0001765816,265.0,39.0,244.0,327.0,308.0,577.0,390.0,235.0,236.0,,
DIPLOMA,GB0001826634,6119.0,885.0,918.0,814.0,725.0,725.0,1002.0,773.0,2554.0,3256.0,3256.0
VISTRY GROUP,GB0001859296,4118.0,4118.0,4168.0,4780.0,5638.0,4902.0,5275.0,5970.0,5970.0,22290.0,167978.0
GENUS,GB0002074580,4141.0,4141.0,68562.0,64655.0,61670.0,67650.0,98740.0,74940.0,74940.0,81103.0,81103.0
RATHBONES GROUP,GB0002148343,177.0,312.0,312.0,357.0,357.0,321.0,328.0,198.0,411.0,359.0,359.0
CRANSWICK,GB0002318888,33370.0,33370.0,33370.0,,51652.0,33949.0,66204.0,69016.0,69016.0,80067.0,80067.0
DIAGEO,GB0002374006,613200.0,613200.0,595000.0,656000.0,621127.0,621127.0,620573.0,567081.0,549469.0,549469.0,485000.0
ELEMENTIS,GB0002418548,221076.0,221076.0,221420.0,208610.0,194687.0,242476.0,242476.0,163876.0,163876.0,211619.0,207058.0
BAE SYSTEMS,GB0002634946,535370.0,535370.0,596515.0,579880.0,525032.0,506248.0,480932.0,480932.0,142241.0,113089.0,107360.0
DERWENT LONDON,GB0002652740,4757.0,3166.0,3186.0,3186.0,3529.0,4321.0,4649.0,3326.0,3174.0,2988.0,2988.0
DEVRO DEAD - DELIST.14/04/23,GB0002670437,18720.0,18720.0,79726.0,,62278.0,74251.0,61988.0,53649.0,68985.0,68985.0,
BIG YELLOW GROUP,GB0002869419,475.0,132.0,123.0,123.0,184.0,148.0,131.0,139.0,139.0,309.0,242.0
BRITISH AMERICAN TOBACCO,GB0002875804,358723.0,358723.0,330495.0,311172.0,326242.0,415000.0,396398.0,342000.0,325000.0,308000.0,267000.0
RS GROUP,GB0003096442,6100.0,6100.0,5100.0,5004.0,5004.0,4679.0,4874.0,4468.0,4468.0,4708.0,4678.0
SPECTRIS,GB0003308607,6389.0,10380.0,11021.0,11021.0,3972.0,6237.0,16071.0,12189.0,6963.0,6963.0,7533.79
FIRST GROUP,GB0003452173,2851269.0,2477381.0,2481544.0,2298290.0,2338164.0,2344768.0,2111199.0,1214769.0,1214769.0,599869.0,545054.0
GAMES WORKSHOP,GB0003718474,873.0,873.0,,,787.0,814.0,791.0,791.0,1899.0,661.0,616.0
GO-AHEAD GROUP DEAD - DELIST.11/10/22,GB0003753778,382023.0,382023.0,394600.0,394622.0,426200.0,406564.0,395474.0,369665.0,366372.0,,
HALMA,GB0004052071,4199.0,4199.0,3955.0,3955.0,4658.0,4424.0,4818.0,4205.0,4205.0,4059.0,4059.0
STANDARD CHARTERED,GB0004082847,23878.0,23878.0,16904.0,13562.0,7922.0,8584.0,4542.0,3988.0,2902.0,2071.0,2071.0
HAYS,GB0004161021,5150.0,4664.0,4664.0,4920.0,5009.0,5734.0,5926.0,3243.0,3243.0,3988.0,5407.0
HILL AND SMITH,GB0004270301,72859.0,72859.0,61793.0,50081.0,45346.0,65966.0,41722.0,41722.0,53712.0,49388.0,49388.0
HUNTING,GB0004478896,8309.0,8113.0,6381.0,4771.0,5452.0,6916.0,7100.0,6863.0,4171.0,5778.0,5778.0
IMPERIAL BRANDS,GB0004544929,169804.0,138459.0,86273.0,132450.0,120384.0,114617.0,108241.0,99577.0,95987.0,91128.0,81089.0
MITIE GROUP,GB0004657408,42075.0,42075.0,41090.0,38688.0,37923.0,35230.0,26441.0,18719.0,18719.0,19414.0,20530.0
SPIRENT COMMUNICATIONS,GB0004726096,1079.0,1079.0,256.0,,224.0,100.0,145.0,92.0,100.0,100.0,62.7
KELLER,GB0004866223,135179.0,135179.0,168392.0,168392.0,170752.0,213845.0,198289.0,169216.0,183112.0,183112.0,210186.0
KIER GROUP,GB0004915632,112611.0,112611.0,134469.0,112651.0,109077.0,100082.0,96733.0,55372.0,55372.0,43231.0,50323.0
HSBC HOLDINGS,GB0005405286,64918.0,55648.0,40875.0,58755.0,52938.0,36260.0,36687.0,25228.0,22000.0,19000.0,19000.0
HOWDEN JOINERY GP.,GB0005576813,78898.0,28516.0,29487.0,29487.0,26740.0,31053.0,32016.0,38405.0,45659.0,45659.0,39528.0
LEGAL & GENERAL,GB0005603997,6853.0,6853.0,1341.0,7143.0,8655.0,8655.0,15226.0,15226.0,13350.0,12506.0,12506.0
MEARS GROUP,GB0005630420,16375.0,21039.0,21039.0,,20795.0,17437.0,17437.0,34370.0,36397.0,36397.0,36397.0
MEGGITT DEAD - DELIST.14/09/22,GB0005758098,34323.0,34323.0,37796.0,35186.0,34552.0,36573.0,36733.0,29145.0,29145.0,,
MORGAN ADVANCED MRA.,GB0006027295,150000.0,150000.0,133100.0,133100.0,126300.0,130600.0,127500.0,125048.0,122817.0,122817.0,121989.0
MOBICO GROUP,GB0006215205,765527.0,765527.0,750523.0,765434.0,815788.0,808212.0,823582.0,514106.0,657239.0,830287.0,830287.0
OXFORD INSTRUMENTS,GB0006650450,878.0,878.0,753.0,753.0,679.0,633.0,321.0,,,603.0,603.0
ASSOCIATED BRIT.FOODS,GB0006731235,2231930.0,2231930.0,2474175.0,2607156.0,2433205.0,3228000.0,3162449.0,2797000.0,2450000.0,2408000.0,2272000.0
PEARSON,GB0006776081,30170.0,30170.0,22343.0,19093.0,15691.0,13057.0,13251.0,13251.0,8396.0,4622.0,4622.0
PERSIMMON,GB0006825383,11092.0,11092.0,9649.0,27649.0,26900.0,35450.0,30797.0,25886.0,25886.0,25298.0,25005.0
EUROMONEY INSTL.INVESTOR DEAD - DELIST.25/11/22,GB0006886666,200.0,200.0,497.0,2100.0,2100.0,544.0,300.0,1000.0,1100.0,,
UNITE GROUP,GB0006928617,5361.0,5361.0,4394.0,5750.0,5750.0,6094.0,7397.0,10328.0,11009.0,10905.0,10905.0
PORVAIR,GB0006963689,1844.0,9677.0,9677.0,,11448.0,10725.0,11515.0,11515.0,10880.0,10880.0,10880.0
PRUDENTIAL,GB0007099541,21918.0,23355.0,17254.0,17714.0,18201.0,16902.0,16902.0,9353.0,9741.0,4076.0,1645.0
RIO TINTO,GB0007188757,23400000.0,21900000.0,19800000.0,21100000.0,20000000.0,17800000.0,17100000.0,17100000.0,22700000.0,22800000.0,22800000.0
RENISHAW,GB0007323586,3074.0,3739.0,3690.0,4006.0,4006.0,4228.0,3900.0,3647.0,3424.0,3861.0,4177.0
LIONTRUST ASSET MAN.,GB0007388407,27.0,20.0,17.0,,14.0,27.0,,255.0,268.0,14.0,14.0
RPS GROUP DEAD - DELIST.24/01/23,GB0007594764,6095.0,6095.0,6881.0,8122.0,9399.0,7816.0,9074.0,6235.0,6235.0,,
CLOSE BROTHERS GROUP,GB0007668071,474.0,2829.0,3389.0,3389.0,3389.0,2884.0,2307.0,1780.0,1780.0,1394.0,1394.0
ST.JAMES'S PLACE ORD,GB0007669376,851.0,932.0,764.0,683.0,876.0,835.0,725.0,544.0,1130.0,933.0,649.0
SSE,GB0007908733,20721943.0,13078819.0,11021000.0,8004000.0,10155000.0,8810000.0,8270000.0,7100000.0,7100000.0,6080000.0,6080000.0
SENIOR,GB0007958233,12814.0,12814.0,12092.0,12092.0,10906.0,10414.0,10378.0,10378.0,8445.0,8445.0,
SERCO GROUP,GB0007973794,173672.0,173672.0,173441.0,162198.0,182819.0,259814.0,181413.0,165259.0,165259.0,165417.0,182231.0
BP,GB0007980591,49210000.0,48600000.0,48900000.0,50100000.0,49400000.0,46500000.0,46000000.0,41300000.0,36500000.0,33900000.0,31100000.0
SIG,GB0008025412,56615.0,78231.0,71532.0,73512.0,73512.0,64191.0,58077.0,43042.0,42961.0,40529.0,40434.0
MORGAN SINDALL GROUP,GB0008085614,32878.0,,25244.0,,17200.0,19934.0,18124.0,16031.0,11243.0,9528.0,9528.0
SMITH (DS) DEAD - DELIST.04/02/25,GB0008220112,1215458.0,1281000.0,1281491.0,1570000.0,1660000.0,1604000.0,1604000.0,1833000.0,2267000.0,2023278.0,1542250.0
ME GROUP INTERNATIONAL,GB0008481250,1342.0,4986.0,4986.0,4373.0,4216.0,4547.0,3514.0,3882.0,2912.0,1344.0,1344.0
LLOYDS BANKING GROUP,GB0008706128,73196.0,73196.0,57761.0,52438.0,52160.0,48461.0,47524.0,39107.0,37653.0,27498.0,27498.0
TT ELECTRONICS,GB0008711763,16712.0,3406.0,3562.0,,2934.0,2028.0,1042.0,1259.0,955.0,955.0,897.0
TAYLOR WIMPEY,GB0008782301,16177.0,16436.0,16436.0,17983.0,18889.0,20328.0,21018.0,21018.0,17464.0,15975.0,15975.0
TELECOM PLUS,GB0008794710,,348.0,115.0,115.0,87.0,67.0,1024.0,1024.0,1742.0,1755.0,84.0
ULTRA ELECTRONICS DEAD - DELIST.02/08/22,GB0009123323,14108.0,13575.0,3018.0,3018.0,2737.0,2957.0,2610.0,2667.0,1877.0,,
SMITH & NEPHEW,GB0009223206,10102.0,10102.0,11011.0,9822.0,9451.0,9956.0,9888.0,9754.0,11335.0,12168.0,12168.0
VP,GB0009286963,4038.0,13091.0,13091.0,,13701.0,18182.0,15738.0,15738.0,13270.0,17736.0,17736.0
VICTREX,GB0009292243,6292.0,16594.0,21975.0,22039.0,22478.0,25231.0,23568.0,18241.0,20161.0,25232.0,25232.0
WEIR GROUP,GB0009465807,82100.0,82100.0,36012.0,37170.0,33300.0,38586.0,81631.0,51968.0,62070.0,66697.0,66697.0
DECHRA PHARMACEUTICALS DEAD - DELIST.17/01/24,GB0009633180,4328.0,1007.0,1007.0,3434.0,4018.0,4018.0,6403.0,6403.0,7027.0,6709.0,
BABCOCK INTERNATIONAL,GB0009697037,43806.0,37377.0,42458.0,94539.0,103337.0,86666.0,169959.0,158053.0,158053.0,143160.0,127167.0
ASTRAZENECA,GB0009895292,324700.0,324700.0,324300.0,329140.0,291652.0,301055.0,285798.0,224771.0,245882.0,245117.0,245117.0
PAGEGROUP,GB0030232317,2504.0,1607.0,1527.0,1662.0,1627.0,1882.0,2054.0,2023.0,1164.0,1164.0,933.0
BT GROUP,GB0030913577,182000.0,182000.0,172500.0,174518.0,174518.0,184363.0,182565.0,171422.0,180779.0,180227.0,180227.0
MARKS & SPENCER GROUP,GB0031274896,168747.0,167000.0,182000.0,182309.0,182000.0,167000.0,172812.0,157000.0,173954.0,173954.0,226000.0
BARCLAYS,GB0031348658,46757.0,49517.0,65340.0,46571.0,25627.0,25553.0,24276.0,18900.0,21986.0,20036.0,20036.0
INTERTEK GROUP,GB0031638363,66598.0,60151.0,63728.0,63728.0,72096.0,55386.0,64951.0,63125.0,59952.0,58821.0,61168.0
BURBERRY GROUP,GB0031743007,1761.0,1761.0,2013.0,2126.0,2119.0,2096.0,1931.0,1931.0,1835.0,1835.0,1667.0
NEXT,GB0032089863,38009.0,38576.0,48747.0,52901.0,48163.0,46911.0,45739.0,36914.0,42616.0,43165.0,43165.0
BLOOMSBURY PBL.,GB0033147751,503.0,503.0,70.0,,78.0,88.0,49.0,114.0,18.0,40.0,96.0
KINGFISHER,GB0033195214,160223.0,160223.0,156062.0,153553.0,156066.0,156066.0,156267.0,156267.0,153133.0,130642.0,130642.0
ITV,GB0033986497,17117.0,17117.0,8294.0,8294.0,6684.0,6684.0,9111.0,2554.0,2406.0,2406.0,1974.0
CHESNARA,GB00B00FPT80,495.0,495.0,189.0,114.0,219.0,260.0,442.0,113.0,113.0,0.0,0.0
MARSHALLS,GB00B012BV22,41716.0,36200.0,38756.0,40873.0,41610.0,43559.0,42147.0,42147.0,37540.0,36232.0,32590.0
HALFORDS GROUP,GB00B012TP20,31521.0,9728.0,10707.0,10707.0,9980.0,11020.0,13617.0,13095.0,13095.0,14233.0,14233.0
SAINSBURY J,GB00B019KW72,626854.0,626854.0,601091.0,601091.0,594374.0,594374.0,448189.0,527173.0,516239.0,516239.0,458972.65
NCC GROUP,GB00B01QGK86,578.0,,124.0,194.0,127.0,126.0,126.0,122.0,126.0,200.0,200.0
ADMIRAL GROUP,GB00B02J6398,36.0,14.0,551.0,511.0,334.0,503.0,495.0,605.0,1477.0,625.0,1507.0
PAYPOINT,GB00B02QND93,11684.0,357.0,382.0,,373.0,329.0,,60.0,60.0,101.0,101.0
CENTRICA,GB00B033F229,7031658.0,5452507.0,4272477.0,5032493.0,4044754.0,1698388.0,2246167.0,2246167.0,1885449.0,1994153.0,1994153.0
GRAINGER,GB00B04V1276,1467.0,1650.0,580.0,580.0,603.0,597.0,811.0,959.0,1014.0,810.0,810.0
IG GROUP HOLDINGS,GB00B06QFB75,937.0,405.0,197.0,283.0,269.0,89.0,438.0,580.0,378.0,287.0,722.9
ESSENTRA,GB00B0744359,11595.0,8967.0,11543.0,10479.0,10111.0,11276.0,11276.0,7603.0,8307.0,8307.0,7586.0
BUNZL,GB00B0744B38,89397.0,93641.0,92645.0,89186.0,92687.0,99848.0,99193.0,90568.0,87125.0,93405.0,89806.0
RENTOKIL INITIAL,GB00B082RF11,191433.0,191433.0,172943.0,186067.0,166287.0,170609.0,178889.0,169755.0,184438.0,200102.0,200102.0
HELICAL REIT,GB00B0FYMT95,491.0,491.0,570.0,570.0,1009.0,739.0,642.0,860.0,860.0,141.0,460.0
STHREE,GB00B0KM9T71,1562.0,907.0,671.0,,542.0,1290.0,,1270.0,400.0,400.0,261.0
HIKMA PHARMACEUTICALS,GB00B0LCW083,3488.0,3488.0,26479.0,24114.0,24114.0,36839.0,29082.0,29082.0,40450.0,43012.0,43135.0
BRITVIC DEAD - DELIST.20/01/25,GB00B0N8QD54,20286.0,17965.0,16963.0,31129.0,28391.0,31439.0,28060.0,17885.0,15797.0,13006.0,13006.0
LONDON STOCK EXCHANGE GROUP,GB00B0SWJX34,1392.0,1392.0,1307.0,1173.0,1583.0,1414.0,1816.0,2670.0,1000.0,1450.0,913.0
QINETIQ GROUP,GB00B0WMWD03,,26042.0,23183.0,23183.0,21245.0,22519.0,19289.0,15872.0,15872.0,13360.0,13360.0
RESTAURANT GROUP DEAD - DELIST.22/12/23,GB00B0YG1K06,25252.0,25252.0,19874.0,20597.0,18971.0,18748.0,24774.0,13267.0,18044.0,18044.0,
UNILEVER (UK),GB00B10RZP78,1013690.0,929360.0,852672.0,840633.0,773856.0,731927.0,626672.0,606771.0,565988.0,503909.0,620000.0
IP GROUP,GB00B128J450,2.0,4.0,7.0,,4.0,22.0,15.0,0.0,0.0,0.0,0.0
ASHMORE GROUP,GB00B132NW22,53.0,53.0,56.0,20.0,34.0,35.0,35.0,35.0,43.0,51.0,94.9
SAVILLS,GB00B135BJ46,1292.0,1292.0,1898.0,2518.0,2518.0,2162.0,1775.0,1680.0,1808.0,1691.0,1907.0
PZ CUSSONS,GB00B19Z1432,26382.0,26382.0,60598.0,60598.0,59488.0,56006.0,38354.0,37977.0,37977.0,43539.0,40587.0
SEVERN TRENT,GB00B1FH8J72,169844.0,154644.0,154644.0,138131.0,134307.0,132360.0,156014.0,164115.0,164115.0,417330.0,417330.0
MITCHELLS & BUTLERS,GB00B1FP6H53,80694.0,80694.0,95771.0,95474.0,95993.0,90021.0,84388.0,84388.0,79936.0,87278.0,87278.0
HOCHSCHILD MINING,GB00B1FW5029,217720.0,217720.0,46790.0,45909.0,47305.0,47305.0,38941.0,39341.0,38537.0,46628.0,43196.0
LSL PROPERTY SERVICES,GB00B1G5HX72,568.0,568.0,568.0,,4046.0,4162.0,3420.0,2517.0,2517.0,1998.0,1998.0
MARSTON'S,GB00B1JQDM80,33364.0,33364.0,44996.0,18420.0,19581.0,21604.0,21450.0,19471.0,16080.0,7043.0,7043.0
WHITBREAD,GB00B1KJJ408,57057.0,57057.0,55989.0,63009.0,97362.0,71957.0,70171.0,46254.0,63715.0,63375.0,63375.0
RANK GROUP,GB00B1L5QH97,16315.0,16315.0,17833.0,17001.0,17616.0,17616.0,,12089.0,12337.0,12337.0,11029.0
DRAX GROUP,GB00B1VNSX38,19021200.0,16595000.0,13101000.0,6021000.0,6169000.0,4107000.0,2049000.0,2049000.0,932000.0,336000.0,336000.0
SMITHS GROUP,GB00B1WY2338,,,15124.0,12179.0,11000.0,12241.0,10963.0,10963.0,16640.0,19131.0,19694.0
FERREXPO,GB00B1XH2C03,,,678288.0,550591.0,554763.0,566877.0,566877.0,579415.0,565552.0,649000.0,341000.0
ANGLO AMERICAN,GB00B1XZS820,7279561.0,7976768.0,8700000.0,8900000.0,9900000.0,9700000.0,10900000.0,9950000.0,9020000.0,8300000.0,7500000.0
3I GROUP,GB00B1YW4409,28.0,,13.0,252.0,156.0,142.0,151.0,117.0,117.0,167.0,140.0
CAPITA,GB00B23K0M20,,,11488.0,11488.0,10252.0,6102.0,18960.0,18979.0,15021.0,12049.0,12049.0
RECKITT BENCKISER GROUP,GB00B24CGK77,,80798.0,92584.0,80321.0,63726.0,63726.0,140117.0,138105.0,120346.0,121275.0,121275.0
SEVERFIELD,GB00B27YGJ97,6339.0,6339.0,6339.0,,5231.0,6197.0,5637.0,6296.0,6296.0,7359.0,6391.0
RELX,GB00B2B0DG97,11810.0,8932.0,7446.0,7966.0,8231.0,7477.0,7848.0,4516.0,5226.0,5211.0,4317.0
PARAGON BANKING GROUP,GB00B2NGPM57,990.0,990.0,841.0,791.0,791.0,936.0,1222.0,887.0,836.0,941.0,941.0
WH SMITH,GB00B2PDGW16,9243.0,8191.0,8700.0,8700.0,8320.0,7625.0,2653.0,6025.0,2688.0,1609.0,1609.0
UNITED UTILITIES GROUP,GB00B39J2M42,101992.0,101992.0,110533.0,128649.0,117583.0,119354.0,116916.0,132575.0,132575.0,131735.0,133919.0
DE LA RUE ORD,GB00B3DGH821,44847.0,44847.0,40648.0,40985.0,28552.0,28552.0,,5104.0,5104.0,4519.0,7249.0
BODYCOTE,GB00B3FLWH99,154069.0,158200.0,158169.0,137500.0,150300.0,150600.0,142600.0,140400.0,118000.0,118000.0,125600.0
ZIGUP,GB00B41H7391,143015.0,5980.0,5865.0,6201.0,6701.0,6793.0,6793.0,6446.0,8311.0,19773.0,22829.0
CHEMRING GROUP,GB00B45C9X44,62346.0,62346.0,22717.0,13967.0,10640.0,10640.0,,9293.0,8671.0,8171.0,8171.0
WOOD GROUP (JOHN),GB00B5N0P849,2650.0,51279.0,23319.0,18964.0,19907.0,19621.0,463462.0,86026.0,86026.0,46667.0,38049.0
SEGRO,GB00B5ZN1N88,10894.0,12695.0,5755.0,7227.0,1992.0,1992.0,830.0,1401.0,1278.0,2329.0,1403.0
INCHCAPE,GB00B61TVQ02,366434.0,71034.0,73107.0,11760.0,11760.0,12081.0,10744.0,8780.0,8596.0,8596.0,19793.0
ROLLS-ROYCE HOLDINGS,GB00B63H8491,296000.0,296000.0,242000.0,372000.0,379000.0,305000.0,338555.0,229029.0,216788.0,240353.0,181603.0
GREGGS,GB00B63QSB39,38032.0,38032.0,35869.0,43205.0,39682.0,39527.0,38668.0,35869.0,35965.0,39812.0,39812.0
WORKSPACE GROUP,GB00B67G5X01,3768.0,3449.0,3375.0,3375.0,3181.0,3192.0,3113.0,2887.0,3288.0,3188.0,3188.0
BARR (AG),GB00B6XZKY75,5432.0,5432.0,5432.0,,5420.0,5710.0,5467.0,5434.0,3847.0,3847.0,4363.67
EVRAZ SUSP - SUSP.06/12/23,GB00B71N6K86,45820000.0,45550000.0,36870000.0,35950000.0,35950000.0,34560000.0,39090000.0,39480000.0,39480000.0,40170000.0,40170000.0
EASYJET,GB00B7KR2P84,5552720.0,5900000.0,6100000.0,6500000.0,7100000.0,7600000.0,8200000.0,4247159.0,2114961.0,6421434.0,7517925.0
VESUVIUS,GB00B82YXW83,,33441.0,384000.0,340000.0,396000.0,370000.0,318000.0,271000.0,271000.0,285000.0,285000.0
THE SAGE GROUP,GB00B8C3BL03,3509.0,9238.0,10887.0,9880.0,9880.0,1489.0,1805.0,1566.0,1060.0,798.0,798.0
COCA COLA EUROPACIFIC PARTNERS,GB00BDCPN049,,,102542.0,260105.0,229657.0,229810.0,238046.0,196919.0,205244.0,295904.0,283745.0
IMI,GB00BGLP8L22,21500.0,21500.0,18250.0,17500.0,16500.0,17750.0,17750.0,12465.0,12465.0,11826.0,10607.0
VODAFONE GROUP,GB00BH4HKS39,418043.0,418043.0,410000.0,400000.0,404254.0,260000.0,280000.0,270000.0,270000.0,280000.0,280000.0
INFORMA,GB00BMJ6DW54,,5142.0,886.0,886.0,3617.0,3833.0,3990.0,2822.0,2822.0,2347.0,2347.0
DIGNITY DEAD - DELIST.25/05/23,GB00BRB37M78,9088.0,15007.0,14988.0,15638.0,15535.0,16028.0,15844.0,15710.0,15401.0,15401.0,
COMPUTACENTER,GB00BV9FP302,,5191.0,5191.0,,3352.0,3072.0,2873.0,5640.0,1908.0,1908.0,1979.0
ROTORK,GB00BVFNZH21,,5024.0,5724.0,6973.0,6973.0,5594.0,5594.0,4575.0,3217.0,3132.0,3132.0
SPIRAX GROUP,GB00BWFGQN14,,17266.0,16659.0,16659.0,17354.0,19563.0,23878.0,20060.0,20060.0,18633.0,18633.0
BEAZLEY,GB00BYQ0JC66,,,177.0,122.0,126.0,241.0,21.0,9.0,8.0,8.0,65.0
PRIMARY HEALTH PROPS.,GB00BYRJ5J14,,1055.0,913.0,774.0,778.0,919.0,1084.0,1797.0,2215.0,57.0,57.0
INTERMEDIATE CAPITAL GP.,GB00BYT1DJ19,,,177.0,74.0,48.0,49.0,66.0,11.0,11.0,7.0,46.0
JOHNSON MATTHEY,GB00BZ4BQC70,,,204000.0,203000.0,203205.0,224000.0,199125.0,203930.0,219846.0,233300.0,233300.0
CRH PUBLIC LIMITED,IE0001827041,9751000.0,10300000.0,20000000.0,24700000.0,25600000.0,35400000.0,33900000.0,32400000.0,33400000.0,31200000.0,28700000.0
DCC,IE0002424939,102806.0,102000.0,97000.0,97000.0,73000.0,79000.0,78000.0,78000.0,84000.0,84000.0,77000.0
GREENCORE GROUP,IE0003864109,89588.0,77850.0,68530.0,73624.0,73624.0,118394.0,59495.0,60105.0,68386.0,72320.0,71858.0
KERRY GROUP 'A',IE0004906560,373386.0,373386.0,305458.0,301760.0,304581.0,387208.0,382020.0,382020.0,416355.0,460731.0,419501.0
KINGSPAN GROUP,IE0004927939,42771.0,42771.0,39228.0,45339.0,40424.0,358412.0,275725.0,291771.0,309494.0,496641.0,147637.0
ACCENTURE CLASS A,IE00B4BNMY34,32155.0,32155.0,26290.0,26290.0,24095.0,22183.0,18923.0,13945.0,9250.0,17804.0,17804.0
EATON,IE00B8KQN827,112000.0,120000.0,120000.0,153000.0,153000.0,153000.0,285954.0,282952.0,284695.0,284695.0,193857.0
WILLIS TOWERS WATSON,IE00BDB6Q211,,,1253.0,1410.0,3541.0,3081.0,3414.0,3331.0,3331.0,9695.0,11354.0
PERRIGO,IE00BGH1M568,,53078.0,60027.0,60027.0,87020.0,69920.0,48598.0,49587.0,44704.0,46134.0,50849.37
ENDO INTERNATIONAL DEAD - DELIST.02/05/24,IE00BJ3V9050,39339.0,39339.0,35283.0,47530.0,50387.0,48837.0,43616.0,42914.0,44290.0,12718.0,
PENTAIR,IE00BLS09M33,100018.0,100018.0,76034.0,190360.0,190360.0,152272.0,44511.0,26783.0,45610.0,53963.0,53963.0
MEDTRONIC,IE00BTN1Y115,,29182.0,32651.0,103130.0,67833.0,62931.0,61803.0,61803.0,64022.0,72992.0,131600.0
PERMANENT TSB GHG.,IE00BWB8X525,,,868.0,271.0,420.0,543.0,520.0,446.0,446.0,399.0,399.0
JOHNSON CONTROLS INTL.,IE00BY7QL619,,,214000.0,860485.0,826050.0,1032520.0,686713.0,549358.0,451311.0,410103.0,405288.0
RYANAIR HOLDINGS,IE00BYTBXV33,,,8590913.0,9621032.0,10710980.0,11662707.0,11662707.0,13032597.0,9193324.0,9193324.0,14266186.0
BEZEQ ISRAELI TELECOMMUNICATION,IL0002300114,12692.0,12692.0,11778.0,11431.0,11002.0,11820.0,10784.0,17891.0,20698.0,18014.0,18217.0
NICE,IL0002730112,2386.0,2386.0,1264.0,1229.0,1060.0,1220.0,1655.0,1869.0,691.0,1250.0,495.0
ICL GROUP,IL0002810146,,1758662.0,1718507.0,1630298.0,1886626.0,2277666.0,2496315.0,2496315.0,2158000.0,2126000.0,2102000.0
ISRAEL CORPORATION LTD.,IL0005760173,6289468.0,6289468.0,1571287.0,2485238.0,1886626.0,767891.0,793174.0,801557.0,2158000.0,2157727.0,2126000.0
FIRST INTL.BK.OF ISR.,IL0005930388,1224.0,1224.0,802.0,705.0,783.0,905.0,2861.0,2320.0,1647.0,1647.0,1647.0
LEUMI LTD.,IL0006046119,4185.0,10159.0,5264.0,6332.0,5451.0,7749.0,6601.0,5338.0,3156.0,4475.0,4475.09
BANK HAPOALIM B M LTD.,IL0006625771,19275.0,12861.0,8798.0,7140.0,7140.0,6452.0,5766.0,4439.0,4439.0,4569.0,4331.0
MIZRAHI TEFAHOT LTD.,IL0006954379,4005.0,4005.0,2095.0,2455.0,1917.0,1913.0,2042.0,2052.0,2090.0,2061.0,4304.88
ELBIT SYSTEMS,IL0010811243,33401.0,33401.0,25088.0,20076.0,20076.0,25326.0,27152.0,26708.0,17042.0,17042.0,20996.0
CHECK POINT SFTW.TECHS.,IL0010824113,,1471.0,1747.0,1379.0,1422.0,1424.0,1226.0,1226.0,990.0,1195.0,86.0
DELEK GROUP,IL0010841281,2382582.0,2382582.0,958118.0,666213.0,253365.0,252286.0,400937.0,549514.0,882757.0,1966585.0,2158080.0
CELLCOM,IL0011015349,9018.0,9018.0,3888.0,5289.0,5359.0,5946.0,6030.0,7184.0,6658.0,7773.0,6934.0
GENERALI,IT0000062072,17396.0,20898.0,21703.0,21881.0,24408.0,23824.0,20353.0,17719.0,24466.0,24466.0,36052.0
MEDIOBANCA BC.FIN,IT0000062957,733.0,384.0,384.0,977.0,826.0,2568.0,4052.0,3929.0,3929.0,3403.0,2884.73
BPER BANCA,IT0000066123,3122.0,3122.0,2564.0,5021.0,5021.0,3207.0,8387.0,7845.0,7845.0,11866.0,11045.0
INTESA SANPAOLO,IT0000072618,59041.0,45277.0,43930.0,40226.0,40226.0,57165.0,45398.0,23120.0,42886.0,59030.0,50475.0
CATTOLICA ASSICURAZIONI DEAD - DELIST.12/08/22,IT0000784154,2602.0,2602.0,1475.0,640.0,640.0,770.0,1589.0,949.0,1321.0,,
BANCA PPO.DI SONDRIO,IT0000784196,1821.0,1821.0,1382.0,523.0,514.0,1014.0,4759.0,6933.0,6933.0,4368.0,3383.0
AUTOGRILL DEAD - DELIST.24/07/23,IT0001137345,164329.0,164329.0,65378.0,69128.0,91979.0,107677.0,16330.0,14195.0,5614.0,5614.0,
A2A,IT0001233417,4073834.0,6862002.0,7658386.0,7658386.0,8057008.0,7491395.0,6948463.0,5855402.0,5855402.0,8631749.0,5600628.0
BUZZI,IT0001347308,20581420.0,20581420.0,21729710.0,17411465.0,18935652.0,18981303.0,19930001.0,19700460.0,20623000.0,18692000.0,17390000.0
ARNOLDO MONDADORI EDI.,IT0001469383,1930.0,1930.0,,,1328.0,1420.0,848.0,726.0,726.0,1069.0,1502.0
ENEL,IT0003128367,115500000.0,115480000.0,119510000.0,106720000.0,105510000.0,94800000.0,69980000.0,45255000.0,51570000.0,53066418.0,53066418.0
ENI,IT0003132476,47299619.0,42925895.0,38513328.0,40100000.0,42520000.0,43350000.0,41200000.0,37760000.0,40080000.0,39390000.0,38690000.0
SNAM,IT0003153415,2180920.0,1978000.0,1907000.0,1439000.0,1500000.0,1497179.0,1347000.0,1274000.0,1397000.0,1397000.0,1386086.0
TERNA RETE ELETTRICA NAZ,IT0003242622,64743.0,75280.0,66799.0,61992.0,75793.0,62999.0,68404.0,58793.0,58793.0,72477.0,71724.8
TELECOM ITALIA,IT0003497168,,157357.0,140651.0,154377.0,145152.0,165921.0,153829.0,130650.0,127810.0,112989.0,104418.0
ATLANTIA DEAD - DELIST.09/12/22,IT0003506190,56864.0,56864.0,148931.0,131798.0,138539.0,135271.0,192426.0,155979.0,115186.0,115186.0,
LEONARDO,IT0003856405,232911.0,232911.0,272914.0,270689.0,256878.0,286643.0,332780.0,359711.0,359711.0,262984.0,195682.0
UNIPOL GRUPPO FINANZIARIO,IT0004810054,1194.0,1194.0,9566.0,9566.0,1071.0,9085.0,9980.0,9980.0,7575.0,7575.0,10592.0
UNIPOLSAI DEAD - DELIST.03/07/24,IT0004827447,883.0,883.0,9566.0,6315.0,6315.0,8924.0,9980.0,8395.0,9150.0,9150.0,
WPP,JE00B8KF9B49,,11305.0,9747.0,7851.0,7851.0,8851.0,6841.0,21802.0,13292.0,14105.0,14105.0
SUBSEA 7,LU0075646355,503656.0,503656.0,469000.0,404000.0,404499.0,434640.0,502969.0,410446.0,410446.0,535642.0,656624.0
HEINEKEN HOLDING,NL0000008977,1216000.0,1216000.0,1034000.0,1059000.0,1022000.0,1022000.0,1059578.0,880000.0,951000.0,951000.0,993000.0
KPN KON,NL0000009082,37903.0,14400.0,14358.0,29263.0,27322.0,31238.0,26300.0,17000.0,13000.0,11917.0,8700.0
HEINEKEN,NL0000009165,1216130.0,1216130.0,1034000.0,1059000.0,1022000.0,1043000.0,1059578.0,970218.0,1083869.0,1085000.0,993000.0
PHILIPS ELTN.KONINKLIJKE,NL0000009538,465000.0,320000.0,261000.0,229000.0,38000.0,40000.0,35000.0,32000.0,27000.0,23000.0,19856.0
STMICROELECTRONICS,NL0000226223,553965.0,553965.0,575000.0,552000.0,605000.0,644000.0,557032.0,486304.0,481000.0,504000.0,514000.0
AIRBUS,NL0000235190,,585374.0,527573.0,557447.0,591002.0,553063.0,569838.0,470000.0,562000.0,555000.0,486000.0
WERELDHAVE,NL0000289213,2013.0,2538.0,2538.0,2078.0,2548.0,2304.0,1998.0,3261.0,3261.0,1529.0,1529.0
BAM GROEP KON.,NL0000337319,226852.0,198000.0,196337.0,196337.0,165798.0,148808.0,140946.0,114116.0,94048.0,71692.0,71692.0
SBM OFFSHORE,NL0000360618,3095526.0,3835000.0,5981586.0,6248047.0,5585083.0,5105486.0,5105486.0,5637280.0,237.0,172.0,172.0
RANDSTAD,NL0000379121,34245.0,34245.0,53224.0,55268.0,55268.0,69552.0,68947.0,48135.0,48135.0,59700.0,57000.0
WOLTERS KLUWER,NL0000395903,9155.0,9155.0,4417.0,9571.0,7566.0,7932.0,8226.0,9033.0,4691.0,5496.0,2331.0
ARCADIS,NL0006237562,16555.0,14528.0,14528.0,15793.0,13981.0,12164.0,10583.0,7222.0,7581.0,10650.0,10650.0
KONINKLIJKE VOPAK,NL0009432491,222835.0,189000.0,189000.0,186000.0,166000.0,165000.0,154807.0,154807.0,207078.0,327970.0,327970.0
ASML HOLDING,NL0010273215,15809.0,17600.0,21400.0,20400.0,19000.0,19000.0,16900.0,15400.0,19300.0,17300.0,19200.0
CORBION NV C,NL0010583399,47569.0,47569.0,92000.0,94000.0,92000.0,94000.0,101000.0,114000.0,106000.0,106000.0,107000.0
KONINKLIJKE AHOLD DELHAIZE,NL0011794037,,,974005.0,1940000.0,1634000.0,1816000.0,1699000.0,1579000.0,1728000.0,1823000.0,1867000.0
ING GROEP,NL0011821202,,,21000.0,20000.0,16000.0,16000.0,12000.0,12000.0,12000.0,11267.0,6000.0
SCHIBSTED A,NO0003028904,2105.0,1654.0,1579.0,1568.0,179.0,55.0,262.0,262.0,264.0,2.0,2.14
STOREBRAND,NO0003053605,256.0,0.0,0.0,0.0,0.0,0.0,1.0,1.0,0.0,0.0,0.0
MOWI,NO0003054108,50714.0,69671.0,95983.0,102754.0,122914.0,121784.0,156232.0,184450.0,137374.0,119191.0,119191.0
TGS,NO0003078800,74825.0,139421.0,70494.0,39629.0,39316.0,52677.0,60548.0,62715.0,153.0,0.0,0.33
ORKLA,NO0003733800,130162.0,130162.0,101395.0,89940.0,123570.0,123570.0,120820.0,113300.0,113890.0,108277.0,108277.0
NORSK HYDRO,NO0005052605,9274180.0,9538340.0,7810000.0,8100000.0,8440000.0,7040000.0,7410000.0,7700000.0,7700000.0,7160000.0,7160000.0
TELENOR,NO0010063308,296017.0,265000.0,265000.0,308994.0,378231.0,224906.0,209000.0,175000.0,150409.0,92000.0,92000.0
EQUINOR,NO0010096985,16007228.0,16300000.0,16300000.0,15400000.0,15400000.0,14900000.0,14700000.0,13300000.0,12000000.0,11400000.0,11500000.0
REC SILICON,NO0010112675,2671.0,2671.0,176972.0,125579.0,125579.0,,,49113.0,61168.0,61168.0,61168.0
PGS DEAD - DELIST.02/07/24,NO0010199151,464282.0,478000.0,412000.0,393000.0,390000.0,338000.0,402000.0,402000.0,263000.0,263000.0,
YARA INTERNATIONAL,NO0010208051,9961782.0,6500000.0,7754176.0,12400000.0,15100000.0,16600000.0,17100000.0,16600000.0,16500000.0,14900000.0,14900000.0
BANCO COMR.PORTUGUES 'R',PTBCP0AM0015,,,18115.0,18115.0,13723.0,12921.0,9921.0,8330.0,6988.0,6988.0,4619.0
EDP ENERGIAS DE PORTUGAL,PTEDP0AM0009,16669000.0,16551216.0,24815000.0,18931326.0,23159000.0,18429000.0,14363000.0,9311000.0,9805000.0,9405000.0,4276000.0
JERONIMO MARTINS,PTJMT0AE0001,251019.0,283143.0,237941.0,249928.0,237911.0,233404.0,212304.0,223315.0,246863.0,222921.0,240466.0
SONAE SGPS,PTSON0AM0001,52499.0,52499.0,45506.0,45422.0,45162.0,54379.0,65318.0,63480.0,63480.0,59875.0,67195.0
NOS SGPS,PTZON0AM0006,5473.0,5473.0,5842.0,7653.0,4961.0,4961.0,5227.0,3441.0,3514.0,3514.0,4421.0
HENNES & MAURITZ B,SE0000106270,16435.0,10723.0,9308.0,10376.0,12484.0,11818.0,13380.0,11973.0,12684.0,12684.0,23056.0
SKF B,SE0000108227,,75689.0,58098.0,56213.0,62269.0,62034.0,57879.0,50285.0,56478.0,56580.0,53179.0
ERICSSON B,SE0000108656,87200.0,87200.0,82000.0,75000.0,74000.0,54000.0,49000.0,40000.0,38000.0,38402.0,38402.0
RATOS B,SE0000111940,2328.0,2328.0,25.0,19.0,13.0,13.0,13.0,8.0,5.0,5.0,5.0
SVENSKA CELLULOSA AKTIEBOLAGET SCA B,SE0000112724,1776000.0,1776000.0,1593267.0,1589000.0,115207.0,207000.0,280000.0,250000.0,240000.0,261000.0,261000.0
SKANSKA B,SE0000113250,397586.0,397586.0,330758.0,312800.0,275537.0,275537.0,212609.0,193020.0,194000.0,164000.0,146000.0
TRELLEBORG B,SE0000114837,81800.0,81800.0,96900.0,122300.0,144700.0,144700.0,128800.0,117400.0,117400.0,124879.0,41021.0
SKANDINAVISKA ENSKILDA BANKEN A,SE0000148884,0.0,0.0,2761.0,0.0,0.0,0.0,4.0,1.0,1.0,340.0,340.0
SECURITAS B,SE0000163594,78989.0,78989.0,92341.0,91462.0,92506.0,110083.0,135712.0,125991.0,113492.0,125244.0,126606.0
ELEKTA B,SE0000163628,4718.0,4718.0,3648.0,4054.0,3078.0,3680.0,0.0,533.0,533.0,4405.0,4442.0
SSAB A,SE0000171100,,8180051.0,9606000.0,9981000.0,9828000.0,9755000.0,9582000.0,9582000.0,8844000.0,9827000.0,9827000.0
INDUSTRIVARDEN A,SE0000190126,0.0,0.0,0.0,0.0,0.0,0.0,18.0,19.0,14.0,18.0,18.0
GETINGE B,SE0000202624,15224.0,15224.0,14897.0,37627.0,37627.0,37627.0,6064.0,6614.0,5161.0,16838.0,16896.0
SWEDBANK A,SE0000242455,861.0,2495.0,2495.0,881.0,780.0,1017.0,1020.0,632.0,466.0,466.0,622.0
CASTELLUM,SE0000379190,865.0,865.0,295.0,639.0,924.0,924.0,993.0,623.0,664.0,664.0,859.0
SANDVIK,SE0000667891,215000.0,215000.0,195000.0,195000.0,196000.0,182000.0,176000.0,146000.0,152000.0,83000.0,87000.0
TELIA COMPANY,SE0000667925,61593.0,61593.0,47400.0,47400.0,26000.0,33000.0,7000.0,7000.0,7000.0,7000.0,5438.0
ALFA LAVAL,SE0000695876,7348.0,8791.0,8493.0,12926.0,13361.0,20148.0,18063.0,18063.0,18735.0,16004.0,16282.0
JM,SE0000806994,4934.0,4934.0,4831.0,4207.0,4775.0,4775.0,3282.0,3301.0,3060.0,2677.0,2677.0
BILLERUD AKTIEBOLAG,SE0000862997,145629.0,90000.0,82000.0,86000.0,89700.0,89700.0,108000.0,108000.0,96000.0,96000.0,454000.0
NOBIA,SE0000949331,33359.0,33359.0,21020.0,22500.0,21400.0,11700.0,11700.0,10200.0,10400.0,10400.0,7108.0
HUSQVARNA B,SE0001662230,37584.0,37584.0,33656.0,34371.0,33494.0,33494.0,29929.0,29929.0,22562.0,22468.0,16039.0
SAS DEAD - DELIST.14/08/24,SE0003366871,3820671.0,3890000.0,3822000.0,4122000.0,4376000.0,4313000.0,4210000.0,4210000.0,1189000.0,2414000.0,
TELE2 B,SE0005190238,6685.0,7144.0,7144.0,6749.0,5580.0,6213.0,6306.0,2434.0,2443.0,1915.0,1347.0
AXFOOD,SE0006993770,,9636.0,9433.0,109456.0,10730.0,12607.0,17040.0,15568.0,14126.0,13007.0,13007.0
ASSA ABLOY B,SE0007100581,,,294650.0,261670.0,135435.0,138855.0,103356.0,62243.0,62471.0,60680.0,59495.0
SVENSKA HANDELSBANKEN A,SE0007100599,,21.0,21.0,51.0,86.0,41.0,27.0,24.0,20.0,48.0,48.0
AUTOLIV,US0528001094,,59335.0,59044.0,89536.0,102103.0,119093.0,113793.0,97975.0,97975.0,103000.0,102000.0
PARTNER COMMS.ADR 1:1 DEAD - DELIST.22/09/23,US70211M1099,8271.0,8271.0,3743.0,5479.0,4724.0,5440.0,4912.0,5657.0,5241.0,,
TEVA PHARMACEUTICAL INDUSTRIES ADR 1:1,US8816242098,306643.0,306643.0,361711.0,392268.0,458906.0,379598.0,339297.0,326667.0,288405.0,288405.0,254632.0
